{
  "openapi": "3.0.3",
  "info": {
    "title": "Category API",
    "description": "API for managing categories",
    "version": "1.0.0"
  },
  "servers": [
    {
      "url": "https://28ztpnjp9j.execute-api.ap-south-1.amazonaws.com/dev",
      "description": "Local development server"
    }
  ],
  "paths": {
    "/categories": {
      "get": {
        "summary": "Get all categories",
        "description": "Retrieves a list of all categories sorted by name.",
        "tags": ["Categories"],
        "responses": {
          "200": {
            "description": "Successfully retrieved list of categories",
            "content": {
              "application/json": {
                "schema": {
                  "type": "array",
                  "items": {
                    "$ref": "#/components/schemas/Category"
                  }
                }
              }
            }
          },
          "500": {
            "description": "Internal server error",
            "content": {
              "application/json": {
                "schema": {
                  "$ref": "#/components/schemas/Error"
                }
              }
            }
          }
        }
      },
      "post": {
        "summary": "Create a new category",
        "description": "Creates a new category with the provided data.",
        "tags": ["Categories"],
        "requestBody": {
          "content": {
            "application/json": {
              "schema": {
                "$ref": "#/components/schemas/CategoryInput"
              }
            }
          }
        },
        "responses": {
          "201": {
            "description": "Category created successfully",
            "content": {
              "application/json": {
                "schema": {
                  "$ref": "#/components/schemas/Category"
                }
              }
            }
          },
          "400": {
            "description": "Bad request (validation error)",
            "content": {
              "application/json": {
                "schema": {
                  "$ref": "#/components/schemas/Error"
                }
              }
            }
          }
        }
      }
    }
  },
  "components": {
    "schemas": {
      "Category": {
        "type": "object",
        "properties": {
          "id": {
            "type": "string",
            "example": "64a9b0c2f5a5d2a7e4f4a1b2"
          },
          "name": {
            "type": "string",
            "example": "Technology"
          }
        },
        "required": ["_id", "name"]
      },
      "CategoryInput": {
        "type": "object",
        "properties": {
          "name": {
            "type": "string",
            "example": "Electronics"
          }
        },
        "required": ["name"]
      },
      "Error": {
        "type": "object",
        "properties": {
          "message": {
            "type": "string",
            "example": "Something went wrong"
          }
        }
      }
    }
  }
}
